"0","1556925582","Sun Apr 19 01:02:47 PDT 2009","NO_QUERY","silentcrash","I wish more people would follow me "
"4","1469872397","Tue Apr 07 07:40:08 PDT 2009","NO_QUERY","emmanuelpappas","@leahcurtis  thanks. its so bloody hot here though. Still a little jet lagged. Heading out for dinner in Bandra."
"4","2190654571","Tue Jun 16 03:21:05 PDT 2009","NO_QUERY","GirlBug","http://twitpic.com/7j8vf - Killing time at light installation "
"0","2031199932","Thu Jun 04 09:28:38 PDT 2009","NO_QUERY","yellowjacket018","HOORAY!!! Its Friday EVE!!! or Thirsty Thursday!!!  or... Well I really got no other word/phrase for Thursday...  O well..."
"0","2058803683","Sat Jun 06 15:39:34 PDT 2009","NO_QUERY","babyfreckleface","im in austin with nothing to do until like 11. cant call or text anyone cause my phone is broke.... "
"4","2063173798","Sun Jun 07 01:38:18 PDT 2009","NO_QUERY","angelsebua","ended up having a wonderful day "
"0","1979762172","Sun May 31 04:24:08 PDT 2009","NO_QUERY","simoune","@anythingpotato crappy love thingy... sumasabay pa sa ulan! di ba lalung nakaka-depress?  will make kwento tomorrow! i need a power hug!!"
"4","1999994054","Mon Jun 01 21:12:16 PDT 2009","NO_QUERY","personar","on the around the world in a day album cover - he has strawberry-blonde hair? LMAOOOOOOOOOOOOO  ~XO*OX~  aaoowwaa!!"
"4","1971230519","Sat May 30 06:34:30 PDT 2009","NO_QUERY","rt_magic","@tastethenate @adorkablex erm, magic. "
"0","2192395640","Tue Jun 16 06:58:34 PDT 2009","NO_QUERY","LisaLovesLifee","So fucking bored "
"0","1823375505","Sat May 16 21:48:22 PDT 2009","NO_QUERY","superalyxo","needs to find money to actually go out tomorrowwww. ughhh. i need drinks &amp; fun!! i hate being broke "
"4","1833566152","Sun May 17 23:42:11 PDT 2009","NO_QUERY","zoeyjordan","@davidbeking k - you tell 10 friends and I'll tell 10 friends and by Thursday (at the latest) you should pretty much OWN the internet "
"0","1824963946","Sun May 17 03:43:54 PDT 2009","NO_QUERY","roijon","Getting ready for work this afternoon  I hope  that there's a bus on a Sunday to come home on ....hmmm"
"4","2072225503","Sun Jun 07 20:37:29 PDT 2009","NO_QUERY","cnystedt","Good Morning everyone!!! Let's have a wonderful Apple day LOL "
"0","2206053530","Wed Jun 17 05:55:31 PDT 2009","NO_QUERY","dpickett58","Ah spent the night at Chris's with Matthew and woke up waayy to early "
"4","1677828175","Sat May 02 04:12:17 PDT 2009","NO_QUERY","voltaires_vice","@Masterface Is that tomorrow? OMG have fun! And give Ianto a hug from me. "
"0","2002197699","Tue Jun 02 03:28:14 PDT 2009","NO_QUERY","ScreaminForJane","Matthh Assesss Todayyy "
"4","1970108607","Sat May 30 02:29:27 PDT 2009","NO_QUERY","bs95_x","back from the hairdressers  staying in until tonite, BBQ for a birthday  "
"0","2257643293","Sat Jun 20 14:39:49 PDT 2009","NO_QUERY","mattydoga","@freeiphoneapps  iPod touch 1G  want to give me a free 2G?"
"4","1971559613","Sat May 30 07:22:54 PDT 2009","NO_QUERY","shreypuranik","@thetricktolife I'm listening! Give me a shout out lol "
"4","1990339057","Mon Jun 01 04:35:39 PDT 2009","NO_QUERY","camilamarzano","@ashleytisdale  So happy for you Ashley! Congratulations on the award!"
"4","1964555527","Fri May 29 14:25:28 PDT 2009","NO_QUERY","tinabfly","at sunny panama city beach..*sigh* how niiice "
"0","2328528096","Thu Jun 25 09:41:22 PDT 2009","NO_QUERY","crazymitchell","Dam just got buzzed by another HUGE fly! This time it landed on my head...not impressed "
"4","2060225652","Sat Jun 06 18:30:06 PDT 2009","NO_QUERY","VickiElam","@MajorDodson Y thank U, I'm glad you feel that way "
"0","2002843550","Tue Jun 02 05:17:55 PDT 2009","NO_QUERY","ChaseJR","KITCH; DOMO KUN!!! chase; i dont have any homeowrk? "
"0","2032563940","Thu Jun 04 11:26:25 PDT 2009","NO_QUERY","brandytalbott","is praying for the people in Franklin County, Virginia...there's a tornado warning   Moving east to Pittsylvania County."
"0","1979817429","Sun May 31 04:37:34 PDT 2009","NO_QUERY","DULCECONDENA80","@vampirefreak101 Katie! I couldnt read any reply of you!  I hope you had a good trip! Summer is here!!"
"4","1793205362","Thu May 14 01:47:04 PDT 2009","NO_QUERY","luisgalarza","@OliviaWilder Sorry I laugh, but was very funny   @ModelSupplies got me in trouble lol"
"4","2186623753","Mon Jun 15 19:06:07 PDT 2009","NO_QUERY","JasonBailey","@jc_a You know what they say...it takes a 4.0 product before it's truly &quot;mature&quot; and perfected "
"0","1751137401","Sat May 09 18:45:08 PDT 2009","NO_QUERY","Antianeirai","@kimla310 Yeah I miss her  But she will visit often and I always want an excuse to visit LV lol"
"0","1565097751","Mon Apr 20 05:53:30 PDT 2009","NO_QUERY","granny0818","wants and needs some sleep, but instead sitting in pain in type class!! "
"0","2064969343","Sun Jun 07 07:35:54 PDT 2009","NO_QUERY","Emogirltalk","I just talked to my mom ad my dogs are howling in the background. I miss them SO much "
"4","1879983649","Thu May 21 23:44:06 PDT 2009","NO_QUERY","thurstyboy","great quote- 'every hot blooded woman needs an object to crave' - "
"0","2245359861","Fri Jun 19 16:01:20 PDT 2009","NO_QUERY","ohhaiijenna","i got stung by a bee. "
"0","1833498118","Sun May 17 23:28:48 PDT 2009","NO_QUERY","SirSmartin","@Wossy  Morning Rossy, talking of dogs.....any chance you can do a shout out for @BellaGthePug  she only has a few followers    "
"0","2185419538","Mon Jun 15 17:21:14 PDT 2009","NO_QUERY","ChilitoTwitts","http://twitpic.com/7ia4h - LOOK! Something bite me under my ear last night! It was redder if thats a word, and all itchy "
"4","1827821742","Sun May 17 11:31:04 PDT 2009","NO_QUERY","hemisofia","saw someone using my aiba non-no's translation in her LJ with proper credits  nice!"
"4","1794909433","Thu May 14 06:47:56 PDT 2009","NO_QUERY","Appollonia28","@jonessamonique I've been well. Grinding. Hope all is good with u! I want to hear ur music "
"0","1973909056","Sat May 30 12:04:11 PDT 2009","NO_QUERY","mdwillbefamous","@OhCost yeah, this twitter cell phone app sucks! Se me hace mas dificil y no pd nii ver a mis followers ni reply "
"0","2266748427","Sun Jun 21 09:02:09 PDT 2009","NO_QUERY","yamstersg","@Drattigan I can finish it on my own too "
"4","1978727978","Sun May 31 00:16:05 PDT 2009","NO_QUERY","ailayne","@RaeveenBrawla I think Nicholas' teeth are the only thing that gives us a heads-up that he's human because everything else is perfect. "
"4","2052283630","Sat Jun 06 00:13:11 PDT 2009","NO_QUERY","stasta","@grandjoke Ice cream sounds good! But vegan-ized!  I vote that adventure for tomorrow. You didn't sound mean, I just talk about my"
"0","2226827782","Thu Jun 18 12:26:15 PDT 2009","NO_QUERY","jeffw171","@dawngeary ouch! "
"4","2175200123","Mon Jun 15 00:20:40 PDT 2009","NO_QUERY","renmaldita","@ymaethetrinket citin hotel is just opposite pala puduraya bus station (so ok punta na tayo malacca talaga, hehe). "
"4","1553985752","Sat Apr 18 15:45:17 PDT 2009","NO_QUERY","VampireofSouls","Just woke up. Felt so good too.  i needed it. Whitnee wore me out last night!"
"4","2004960925","Tue Jun 02 09:00:24 PDT 2009","NO_QUERY","dianekristel","Making labels for Mae and Justine's books and notebooks. "
"0","2056591277","Sat Jun 06 11:25:34 PDT 2009","NO_QUERY","emazag","@acadnurul daaappppppp nyee. You made me want to fly home right now knurl~~  Oh come July quickk."
"4","1692854882","Sun May 03 20:56:46 PDT 2009","NO_QUERY","MsColetha","All is well "
"0","2252333310","Sat Jun 20 06:01:54 PDT 2009","NO_QUERY","Jelly002","Missing Will "
"0","2063641734","Sun Jun 07 03:29:45 PDT 2009","NO_QUERY","DavidForster","@gemmak500 argh. The thunder woke me too. I love storms, but not at 6:30 when I went to bed at 2:00! Just woke up again now "
"0","2195964844","Tue Jun 16 11:50:39 PDT 2009","NO_QUERY","hoongchai","@Recordman7 you mean it's not 2pm EST?  it's already 3am here!!! arghhh"
"4","1676808038","Fri May 01 23:16:25 PDT 2009","NO_QUERY","Weeeda","At beerfest to watch vertical horizon  hope it is great!"
"0","2004297580","Tue Jun 02 07:59:08 PDT 2009","NO_QUERY","dollybug01","I think the yeast hate me. "
"4","2065088499","Sun Jun 07 07:52:03 PDT 2009","NO_QUERY","Margit11","@beezan I've to admit..... I did a tiny bit of shopping. Whilst of course spending most of my time doing cultural things "
"0","1991583511","Mon Jun 01 07:18:09 PDT 2009","NO_QUERY","Kelliekk","OMG its tooo quiet...someone say something... "
"4","2002277150","Tue Jun 02 03:43:48 PDT 2009","NO_QUERY","kylekore","the new myspace is officially launched  myspace.com/cyanidedrunk"
"4","1978535133","Sat May 30 23:39:53 PDT 2009","NO_QUERY","jleannk17","Is playing tha wii "
"4","1693678105","Sun May 03 23:22:24 PDT 2009","NO_QUERY","ColaAllen","Truth in advertising.  Hmm, might work  http://bit.ly/absMN #humor"
"0","2017676272","Wed Jun 03 08:46:34 PDT 2009","NO_QUERY","susiegirltellem","Don't want to go to work today. "
"4","2047483230","Fri Jun 05 13:43:10 PDT 2009","NO_QUERY","AditiThapar","Just spent the evening at the shooting gallery. SO AWESOME  http://yfrog.com/earbkj"
"0","2070949067","Sun Jun 07 18:34:26 PDT 2009","NO_QUERY","iLOVEvitaminH2O","ugh 2 hardiest exams tomorrow  hope i get atleast a B in both of them!"
"0","2204684379","Wed Jun 17 02:52:00 PDT 2009","NO_QUERY","mo3ath","@lulyz Yup I agree "
"0","2013114256","Tue Jun 02 21:57:05 PDT 2009","NO_QUERY","Abby_H","I miss accounting "
"4","1686011941","Sun May 03 03:16:53 PDT 2009","NO_QUERY","arnecoomans","@figh Ah decent excuse... "
"4","1677297166","Sat May 02 01:21:56 PDT 2009","NO_QUERY","Saz_xox","@EmilyYoung09 hey... morning... u gt any olans 4 2day? xx "
"4","2064259172","Sun Jun 07 05:44:40 PDT 2009","NO_QUERY","alyssainescruz","by the way.. it's johnny depp's birthday!!! happy birthday to him!! "
"4","2191647934","Tue Jun 16 05:42:11 PDT 2009","NO_QUERY","F055","@migs_karlo yeah, but it's so hot - we're going to the beach later on "
"4","2072111764","Sun Jun 07 20:25:18 PDT 2009","NO_QUERY","shmariel","@mvidaurri ok but if you need me I'm here  oie sorry q I didn't go with you I wanted pero my mom wasn't in the best of moods! i love u ok?"
"4","2190325866","Tue Jun 16 02:24:25 PDT 2009","NO_QUERY","discodonnie","@johncmayer and now you can sing free falling  which is better than the original! I love it!"
"4","1468639220","Tue Apr 07 02:53:28 PDT 2009","NO_QUERY","redsoda","@marks thank you! you made me in a better mood for sure "
"0","1936017462","Wed May 27 07:18:16 PDT 2009","NO_QUERY","MonkeyDeLaCode","&quot;Those who provoke [North Korea] once will not be able to escape its unimaginable and merciless punishment.&quot; Oh dear, not lookin good "
"4","2018010469","Wed Jun 03 09:17:46 PDT 2009","NO_QUERY","ale6rbd","It`s awesome following people because you get to see all the tweets on one page !   "
"0","1957752116","Fri May 29 01:29:54 PDT 2009","NO_QUERY","_algin_","aw! I'm gonna miss my old username... nick jonas, shontelle layne, and sean kingston replied to my OLD USERNAME!  I'm gonna start all over"
"4","2001499014","Tue Jun 02 01:05:04 PDT 2009","NO_QUERY","xelisamarie","@ohhaikelly sounds good to me "
"0","2187011580","Mon Jun 15 19:39:40 PDT 2009","NO_QUERY","damarisens","Nothing to do today   any idea?"
"0","1957128473","Thu May 28 23:35:50 PDT 2009","NO_QUERY","milyssa","um... so I don't think my text msgs have a &quot;subject line&quot; ... I fail "
"0","2196721575","Tue Jun 16 12:50:46 PDT 2009","NO_QUERY","wizard7926","@bnththespinlite i would love to but i'm busy tonight "
"0","2031668033","Thu Jun 04 10:08:51 PDT 2009","NO_QUERY","MariFontana","Hello twitterworld! I'm sooo sad! Failed my biology test! "
"0","1677795526","Sat May 02 04:01:57 PDT 2009","NO_QUERY","melite","I think I need to invent a minus scale to describe my current training motivation "
"4","1677859301","Sat May 02 04:22:10 PDT 2009","NO_QUERY","ols3n","Bought my ticket to SF! #WWDC here I come "
"4","1960761515","Fri May 29 08:27:55 PDT 2009","NO_QUERY","WolfStar76","@Kerred I like it quite a bit.  The wife and I can discuss bills, and I can see my 13-week old to cheer me on a bad day.  "
"4","2047856818","Fri Jun 05 14:17:07 PDT 2009","NO_QUERY","MsKellanLautner","just watched kellie pickler on ellen! aw man funny stuff! loe both of them! "
"0","2069881931","Sun Jun 07 16:42:04 PDT 2009","NO_QUERY","goatkeeper7","@Angelfan Praying for you to warm up too!!!  It wasn't bad tempwise here today, but if you are cold today-it must be headed my way!!  "
"0","1557036031","Sun Apr 19 01:39:23 PDT 2009","NO_QUERY","DEWsfantasy","@dannywood You really gonna do a song on summer tour!?  Just  1  Cant wait to hear it, comin from Scotland UK to see ya!"
"0","2218811800","Wed Jun 17 23:11:42 PDT 2009","NO_QUERY","AlexReifel","@followcassidy why are you upset? "
"4","2063040013","Sun Jun 07 01:09:23 PDT 2009","NO_QUERY","chubbyhowan","this week had been the best week i'd ever had (so far)  "
"0","2240711973","Fri Jun 19 10:04:24 PDT 2009","NO_QUERY","prncssfrh","failed history, mom gonna kill me, dad too "
"4","2176374852","Mon Jun 15 03:42:05 PDT 2009","NO_QUERY","cely5","Omg its cold out side! Now getting out thee drive away! And be heading home! Texas here i come back home! "
"0","1557331950","Sun Apr 19 03:27:11 PDT 2009","NO_QUERY","Sedk","Still recovering from my cold "
"4","1970345251","Sat May 30 03:29:12 PDT 2009","NO_QUERY","Annhesketh","@TessMorris Thank you for your lovely message. I feel really encouraged by it.  It would be lovely to be walking with you all. "
"4","2009944409","Tue Jun 02 16:32:35 PDT 2009","NO_QUERY","iamword","@stylist24 oh smh Lord heal her n Jesus name smh U gonna get betta I'd I got anything Esay bout it  lol"
"0","2062745819","Sun Jun 07 00:09:51 PDT 2009","NO_QUERY","rayr77","forgot to wake little one up for toilet before I went to bed last night, now I have lots  of bedding to wash. "
"0","2064370987","Sun Jun 07 06:04:43 PDT 2009","NO_QUERY","holly_d","ok, so it looks like everyone else is out having a life tonight, i guess i'll go and watch conspiracy theory or something "
"0","1679800664","Sat May 02 10:12:35 PDT 2009","NO_QUERY","Mxoxo","OMG today's the day hahah but not here  buuh1"
"0","1971902541","Sat May 30 08:08:36 PDT 2009","NO_QUERY","Leah_Harden","cant beat one boss on her Mario game... this is extremely frustrating. "
"4","1999339851","Mon Jun 01 20:02:57 PDT 2009","NO_QUERY","thewritinglife","Thanks to @JimCim, @BarbaraBretton, and @KP_eezy for the writing encouragement. You'll support me, until you read my stories. HA "
"4","1833948953","Mon May 18 01:03:02 PDT 2009","NO_QUERY","PembsDave","@JohnhampsonUK Nicely done - I hope all goes well "
"4","1996553472","Mon Jun 01 15:16:46 PDT 2009","NO_QUERY","dianixfc_bsbwl","@backstreetboys Hi boys!! How are u?? Hey my birthday is in June 4th!!  I love you so much guys!! Kisses from Puebla, MÃ©xico!! "
"4","2057853682","Sat Jun 06 13:47:18 PDT 2009","NO_QUERY","lunaraven13","@glsmeltr and thank you so much for your hospitality  I appreciate it!"
"0","1553792814","Sat Apr 18 15:13:33 PDT 2009","NO_QUERY","MartinMcNeill","Why is there a crying Bumblee in Transformers 2?  DO NOT WANT "
"4","1981770431","Sun May 31 09:51:27 PDT 2009","NO_QUERY","Mandy_Howe","Is having a superfanfabtastic weekend "
"4","2176957945","Mon Jun 15 05:08:31 PDT 2009","NO_QUERY","CaseyMarie11","So getting ready, then moving the rest of my stuff to the house  boyfriend coming over today  Pumpkin (:"
"4","2033880410","Thu Jun 04 13:18:59 PDT 2009","NO_QUERY","GrowinGreenBums","@thesoftlanding I would love to see that, how exciting!!! YAY "
"4","1755774322","Sun May 10 09:59:40 PDT 2009","NO_QUERY","julie911","@ilindsay That's very cute! "
"0","2068252635","Sun Jun 07 13:45:46 PDT 2009","NO_QUERY","keath","Waiting for JNU-ANC flight.  Some lady stole my $4 hat.  I liked that hat.  "
"4","2000364630","Mon Jun 01 21:57:33 PDT 2009","NO_QUERY","Joanne225","Twilight swept up five awards. whoa. "
"4","2052998431","Sat Jun 06 02:52:03 PDT 2009","NO_QUERY","3sixteenweb","@BoomerangPR Why am I not surprised it's raining  About to enjoy my first cup of coffee *happy face*, then off to play some golf."
"4","1979631905","Sun May 31 03:52:38 PDT 2009","NO_QUERY","hopefulauthor","@beezan it really is! just gonna make scrambled eggs and bacon...want some? and nice cuppa taye?  "
"4","2186813590","Mon Jun 15 19:22:29 PDT 2009","NO_QUERY","CrazyMange","@juttayy  wizards of waverly place "
"0","2002288244","Tue Jun 02 03:45:56 PDT 2009","NO_QUERY","Petianka","without net...bad times "
"0","2216977417","Wed Jun 17 20:13:27 PDT 2009","NO_QUERY","musiciscool","@riotlainie haha i was so frustrated i just looked it up. thanks, i was freaking out about that. and i still think you like coberst more "
"0","1835554214","Mon May 18 06:15:11 PDT 2009","NO_QUERY","markcrocker","Sarah Conner Chronicles canceled  -- http://tinyurl.com/onn5gd"
"0","2046149326","Fri Jun 05 11:45:50 PDT 2009","NO_QUERY","unparty","something in my hall smells and the smell is reminding me of Tokyo and making me a bit  sad "
"0","2240919987","Fri Jun 19 10:19:23 PDT 2009","NO_QUERY","cj1211","Sitting in the urgent care center waiting on mom and daddy to come back out with nate. Baby brother isn't feeling great. "
"0","2206476025","Wed Jun 17 06:36:07 PDT 2009","NO_QUERY","AnnAnn08","I miss my Friends. I miss Joo and Bitches "
"0","2324232940","Thu Jun 25 02:38:03 PDT 2009","NO_QUERY","_colorbandit","@mary_tina I could but I think I shouldn't. I have a 7am class tomorrow! "
"0","2205101179","Wed Jun 17 03:57:43 PDT 2009","NO_QUERY","djees","@playitagain_sam this sucks "
"4","1933035113","Tue May 26 22:49:45 PDT 2009","NO_QUERY","JenellsJewelry","Posted 1st Etsy Artist Feature: http://jenellsjewelryblog.blogspot.com/ Need more followers! "
"0","2059711482","Sat Jun 06 17:29:02 PDT 2009","NO_QUERY","infestedellx","I didn't want the night to end. "
"4","2068855525","Sun Jun 07 14:49:23 PDT 2009","NO_QUERY","LessLee","oooh razzmatazz and BBQ baked chips are thee best!  thanks love @knoqueturnal"
"0","2219620885","Thu Jun 18 00:58:08 PDT 2009","NO_QUERY","iAMnOtSoAVeRaGe","@VICnJB123 im sori  HEy He's another word for a butt...plus thats just helpn us girls learn how to chose someone even better next time "
"0","1997215095","Mon Jun 01 16:27:29 PDT 2009","NO_QUERY","ksdiesel","@stalkerchanning  Just trying to help? Write 'em a nasty letter... Sometimes Twitter is too popular for its own functionality."
"4","1551149492","Sat Apr 18 08:16:38 PDT 2009","NO_QUERY","LauraAnn916","It feels amazing to be able to sleep late.  Yay for weekends and pretty weather."
"0","2199265273","Tue Jun 16 17:15:12 PDT 2009","NO_QUERY","Michael_Tolbert",":: internets down once more  but gave me enough time to start planning my next move ::"
"4","1976243188","Sat May 30 16:54:05 PDT 2009","NO_QUERY","fifidoodles","@memoirofagaysha Try 7 to 377 "
"0","1760110322","Sun May 10 20:41:32 PDT 2009","NO_QUERY","thet1m","@plastichandgun i see. ok "
"4","2055182777","Sat Jun 06 08:51:17 PDT 2009","NO_QUERY","LilStu20","Hehe, 2-0 now "
"4","2193321310","Tue Jun 16 08:17:55 PDT 2009","NO_QUERY","desha88","trying to recover from my adventures with vodka and wii tennis.... good times "
"0","1989150028","Mon Jun 01 00:30:43 PDT 2009","NO_QUERY","Vanit","@purplefae What a shithead. "
"0","2179128130","Mon Jun 15 08:40:59 PDT 2009","NO_QUERY","praneshs","going out now.. missing the pens parade "
"0","2231976877","Thu Jun 18 19:16:58 PDT 2009","NO_QUERY","gmajors","@tuxorhasboobs what happened? "
"4","2001635300","Tue Jun 02 01:32:47 PDT 2009","NO_QUERY","onimusha","in a few minute the power has been stopped. "
"0","1678119356","Sat May 02 05:34:34 PDT 2009","NO_QUERY","patron_of_metal","going to sleep gotta get up early and watch the richmond race tonight, but of course work is going to keep me from watching the end of it "
"0","2231405317","Thu Jun 18 18:30:06 PDT 2009","NO_QUERY","StillSlippery","@Whatakicker thanks. And nope. "
"0","2284737944","Mon Jun 22 14:15:14 PDT 2009","NO_QUERY","laurabelle729","@dtabachnick OMG are you ok?!?  Is that the glass from your bathroom?  Agh I really thought I cleaned it "
"4","1979040070","Sun May 31 01:23:49 PDT 2009","NO_QUERY","gourmeted","@Bridget_CooKs Oh no...I meant walking!!! oh dear "
"4","1965465826","Fri May 29 15:58:18 PDT 2009","NO_QUERY","_gelsoares","@tommcfly #TOMEATBRIGADEIRO i can cook for you, if you want  haha love you!"
"0","2303248552","Tue Jun 23 17:56:00 PDT 2009","NO_QUERY","star_struckk","Blah  cramps"
"0","2002359803","Tue Jun 02 03:59:14 PDT 2009","NO_QUERY","waitingtohappen","@spike1989 noooo  when do your exams finish?"
"0","2300478423","Tue Jun 23 14:11:53 PDT 2009","NO_QUERY","Mrszmusso_","Listening to @mitchelmusso 'hey'. I don't feel lik that right now. "
"4","1985118651","Sun May 31 16:28:10 PDT 2009","NO_QUERY","Jayy008","When I say Jump, you say how high!! "
"0","1836127680","Mon May 18 07:25:29 PDT 2009","NO_QUERY","SammiKnapp","im offcially broke "
"0","2239555431","Fri Jun 19 08:41:11 PDT 2009","NO_QUERY","isabelajangoux","I WANT MY LUUUUUUUUNCH "
"0","1677688543","Sat May 02 03:26:47 PDT 2009","NO_QUERY","babiienatalie","borring wants too go out but no 1 out  how depressing the weathers ok but nothing too do "
"4","1989239540","Mon Jun 01 00:49:56 PDT 2009","NO_QUERY","ishi0506","waiting for manang merienda is killing me "
"4","1981967613","Sun May 31 10:15:25 PDT 2009","NO_QUERY","blueholly","@rachelgab wow. i have 2. for the longest time, i only had one. but I hate to shop. i may not actually be a girl. hahaha.  "
"4","1999136065","Mon Jun 01 19:42:11 PDT 2009","NO_QUERY","moneydetective","@emmaskrnjug Hope it isn't he swine flu  Oink Oink"
"0","2071357081","Sun Jun 07 19:15:49 PDT 2009","NO_QUERY","sweeti_2005","as if the day couldn't get any worse, I ran out of Easy Cheese "
"4","1993879805","Mon Jun 01 11:04:22 PDT 2009","NO_QUERY","rockyduuude","coincidence that the @katyperry gig was postponed just as adie said she couldn't see me until august, the new date is august25th "
"4","1677477115","Sat May 02 02:16:59 PDT 2009","NO_QUERY","eugenekhoo","@skinnylatte @willyfoo i believe willy has a setup something like that.  #awaresg"
"0","1973801258","Sat May 30 11:51:41 PDT 2009","NO_QUERY","FOOFOOx33","@amyn_8t cus Youre a poor, lonely child  Hahaha! What song is that? I forgot"
"0","1883172799","Fri May 22 08:07:30 PDT 2009","NO_QUERY","albeitludicrous","@BoyNamedDavid I want to but Rockky and Dale haven't texted me back. "
"4","2049002691","Fri Jun 05 16:07:49 PDT 2009","NO_QUERY","WDC","@MinDillard thanks a lot for the #followfriday "
"0","2236126586","Fri Jun 19 02:55:15 PDT 2009","NO_QUERY","aani33","is leaving portsmouth forever today! "
"4","1694126844","Mon May 04 01:12:33 PDT 2009","NO_QUERY","PrincessJacie","@LILthomasWAYNE You realllllllllly just said that didn't you? "
"0","2183836714","Mon Jun 15 15:03:08 PDT 2009","NO_QUERY","adamwnelson","I have defensive driving class tonight  no so happy!!"
"0","1961218037","Fri May 29 09:09:47 PDT 2009","NO_QUERY","lauren_alayne","@WhitPR lol... i've been in Bk for over a year... going on 2 and u haven't come yet!!! "
"0","2263094592","Sat Jun 20 23:56:33 PDT 2009","NO_QUERY","cijane","Urgh, internet has been slowed down again  How am I supposed to get any research done now?"
"4","1686593438","Sun May 03 06:03:40 PDT 2009","NO_QUERY","Jai_Jones"," It's an ugly day"
"0","2253964170","Sat Jun 20 09:01:06 PDT 2009","NO_QUERY","nabsworth","@francescaa i don't use the tub. it's too small "
"0","1989498445","Mon Jun 01 01:46:06 PDT 2009","NO_QUERY","Kristy_Lee_","thought..we will all die someday ..thats sad  ..guess we have to enjoy life.."
"0","1975174543","Sat May 30 14:36:12 PDT 2009","NO_QUERY","egGooner","@plymouthgooner Don't worry let's tweet about Arsenal who's not signing anyone "
"0","1694265727","Mon May 04 01:50:07 PDT 2009","NO_QUERY","PrettyItaly","Awwwww man &quot;he&quot; fell asleep  what's new?"
"0","2056695831","Sat Jun 06 11:37:20 PDT 2009","NO_QUERY","derjaan","Almost finished ikea-ing the pool. Also finished -almost- all 6 crates of beer "
"0","2207627137","Wed Jun 17 08:10:41 PDT 2009","NO_QUERY","kathrine_21","watching one tree hill   got soaked on the way home even though i had an umbrella "
"0","1468163233","Tue Apr 07 00:03:37 PDT 2009","NO_QUERY","hayfa","Too tired to leave bed. "
"0","2012390720","Tue Jun 02 20:34:01 PDT 2009","NO_QUERY","sillykimmy","Did u?     RE: TanyaAX: I think I just killed a rabbit "
"0","2265529269","Sun Jun 21 06:46:53 PDT 2009","NO_QUERY","lastyearsgirl_","Shouldn't have sat down, shattered again "
"4","1984105436","Sun May 31 14:27:12 PDT 2009","NO_QUERY","tatatseterrorrr","I just finnished my amazing Vanilla Bean Frapp made by my girl @kelliebritton! soooo good "
"0","1880905503","Fri May 22 02:55:23 PDT 2009","NO_QUERY","KamerPrincess","his sister comes out to see what's goin on and she gives me a death stare lol. Clearly I'm not liked by that fam "
"0","2060992589","Sat Jun 06 19:58:29 PDT 2009","NO_QUERY","shuliee","i miss mcfly  I WANT THEM BACK!!! NOW !!!!!! "
"4","1755185578","Sun May 10 08:29:05 PDT 2009","NO_QUERY","aliceadict","@rumoko bro, come pick me up and we can go together! "
"4","1993289609","Mon Jun 01 10:08:20 PDT 2009","NO_QUERY","CARAT_Jeans","Very happy about the traffic on my site www.designforless.eu "
"0","1679336569","Sat May 02 09:06:36 PDT 2009","NO_QUERY","renan_22","I'm hungry lol What an annoying backache! awwwww "
"0","2303082826","Tue Jun 23 17:42:20 PDT 2009","NO_QUERY","nicole_b86","Why does hayfever always play up at night "
"4","1973054173","Sat May 30 10:23:33 PDT 2009","NO_QUERY","LilMissMack0517","GOOD MORNING TWITTER FAM "
"4","2008205595","Tue Jun 02 13:46:50 PDT 2009","NO_QUERY","sv_grebennikov","@beregulina  Ð¼Ð¾Ð¶Ð½Ð¾ Ð¸ Ñ‚Ð°Ðº Ñ?ÐºÐ°Ð·Ð°Ñ‚ÑŒ ))"
"0","1827211994","Sun May 17 10:13:48 PDT 2009","NO_QUERY","emmilyon","The rub is that i can't touch any of the felt sculpture @ the cooper-hewitt. "
"0","2047698303","Fri Jun 05 14:02:34 PDT 2009","NO_QUERY","megacam1","Eatting bacon pizza now...super hungry "
"4","2013879377","Tue Jun 02 23:49:58 PDT 2009","NO_QUERY","Toni_KatVixen","@senor_carlos  lol....that is silly.  "
"0","2202760000","Tue Jun 16 22:21:49 PDT 2009","NO_QUERY","tadawada","friends cant spend the night "
"4","2190093097","Tue Jun 16 01:44:50 PDT 2009","NO_QUERY","evansfinch","Animated gems#19 'Dimensions of Dialogue' by Jan Svankmajer. Surrealist veg-e-mation extravaganza!  http://is.gd/13hDd"
"4","2057350857","Sat Jun 06 12:50:28 PDT 2009","NO_QUERY","childhood","@HappyMomAmy No... sadly I haven't heard back yet... I may pitch it again to a different person next week "
"4","1695251147","Mon May 04 05:38:50 PDT 2009","NO_QUERY","KeithMoulder","@razorbackrandy If I am... so are U, my friend.  HA!  But the thing is... WE make old look GOOD!  "
"4","1550966182","Sat Apr 18 07:46:10 PDT 2009","NO_QUERY","LindaFreydzon","Heeeey!! i'm listening now to the new single &quot;its alright its O&quot; by ashley tisdale and it totally ROX!! she's awesome "
"4","2018041996","Wed Jun 03 09:20:43 PDT 2009","NO_QUERY","Leahs_Story","@DarynTufts  Welcome! @alyssa_milano speaks highly of ya! "
"0","2010055633","Tue Jun 02 16:44:01 PDT 2009","NO_QUERY","dannigyrl","And I have no power at my house due to the storm "
"0","2186687281","Mon Jun 15 19:11:33 PDT 2009","NO_QUERY","candicelovesyou","@crazytales how mean  I hope u have a good bday though."
"0","2056537562","Sat Jun 06 11:19:38 PDT 2009","NO_QUERY","Miss_TiffanyZ","@MsBunni LOL that will be you cuz my bedroom set won't be ready til the end of the month, and I can't have a party in an unfinished apt "
"4","1552035833","Sat Apr 18 10:37:09 PDT 2009","NO_QUERY","IheartFOB","@zackdft So are we!!!! They better be writing new songs for us!  Unless it was a coincidence, in that case get some food."
"0","2208696184","Wed Jun 17 09:30:59 PDT 2009","NO_QUERY","jamiebonza","Not feeling well* wish it would stop rainging! Maybe I wouldn't feel so groggy! "
"0","1966428567","Fri May 29 17:45:00 PDT 2009","NO_QUERY","ashleybobbi","I'm starving!! This diet is killing me but I can't eat after 8pm "
"0","2203720098","Wed Jun 17 00:22:35 PDT 2009","NO_QUERY","nickbrompton","@martinroyds morning mate, you don't seem to be in the best of moods, woke to a stream of twitter texts from you being "
"0","2217805040","Wed Jun 17 21:24:41 PDT 2009","NO_QUERY","rawrrrzilla","my iPod touch keeps freezing "
"0","1563921973","Mon Apr 20 00:53:21 PDT 2009","NO_QUERY","SpaceCadetEmily","wondering whether my class is actually running, or if i've stayed at uni an extra hour for no reason "
"4","2059100880","Sat Jun 06 16:14:54 PDT 2009","NO_QUERY","KatMagBag","@RosemaryConley I love love love! M&amp;S food shops, they do the most loveliest fruit &amp; veg! yum. I hope you enjoyed your hair apt. "
"0","2049764440","Fri Jun 05 17:27:32 PDT 2009","NO_QUERY","churroboy","carless  AGAIN."
"4","1557282683","Sun Apr 19 03:07:59 PDT 2009","NO_QUERY","MissFarrah","@Nia78 I'm pretty good about to lay it down in a sec . Had a long day &amp; night  Thanks for asking . And you ?"
"0","2215057125","Wed Jun 17 17:36:48 PDT 2009","NO_QUERY","NicheLLEObama","waiting on this steamed shrimp... daydreamin and thinkin of him! I know my babe is NOT eatin this good rite now...  Damn Airforcers LLs"
"0","2059112957","Sat Jun 06 16:16:20 PDT 2009","NO_QUERY","Alithatgirl84","@lalulorlor I wish I could just drive to new York. "
"0","2221436608","Thu Jun 18 05:22:51 PDT 2009","NO_QUERY","AnnaLucyHewitt","All of my posters and photos are down now except jb rolling stone! Byebye funny little joe pics and notes from @karinaemma "
"4","1678070290","Sat May 02 05:22:01 PDT 2009","NO_QUERY","michellex292","SAT II. much more focused. let's hope for no modern history "
"0","1990707445","Mon Jun 01 05:33:12 PDT 2009","NO_QUERY","Shannonxbray","Ahhh algebra, english honors, and biology finals today "
"4","2048533997","Fri Jun 05 15:21:23 PDT 2009","NO_QUERY","mnstrsnmnchkns","@ABeautifulMind1 haha. i like that "
"0","2187494967","Mon Jun 15 20:21:57 PDT 2009","NO_QUERY","dianahkim","@matty_clark @bryangwin you guys need to come back to socal again. it's been foreverrrr!! "
"0","2067941142","Sun Jun 07 13:13:21 PDT 2009","NO_QUERY","Dot12b","@Grooveecar  hope u find it soon"
"0","2251880589","Sat Jun 20 04:51:23 PDT 2009","NO_QUERY","Aieshaaaa","My eyes are stinging &amp; my belly is killing. All I wanna' do is sleep + take your money "
"0","2054521087","Sat Jun 06 07:32:02 PDT 2009","NO_QUERY","deenahagen","@sarah_janes I've made about 10 bucks so far, its been slow too "
"0","1977961207","Sat May 30 22:06:10 PDT 2009","NO_QUERY","GINAheartsNKOTB","Man, I really hope they aren't done in 10 wks  ONE MORE SHOW ONE MORE SHOW! no more roadtripping 4 this girl    so they hafta come here"
"4","1999356890","Mon Jun 01 20:04:42 PDT 2009","NO_QUERY","cattacpiller","@Conscious I love people that love me "
"4","1990003059","Mon Jun 01 03:33:14 PDT 2009","NO_QUERY","PritiRai","its mid-day!! just woke-up!! Had a beautiful dream! Can't help smiling!! "
"4","2065014061","Sun Jun 07 07:42:02 PDT 2009","NO_QUERY","hauntedplaytime","@sunbot sorry to hear you are sick.. hope you get better "
"4","1836264415","Mon May 18 07:41:04 PDT 2009","NO_QUERY","iheartsteelers","My dad is cooler than your dad. My dad gets to meet the president on Thursday. "
"4","2066643255","Sun Jun 07 10:54:23 PDT 2009","NO_QUERY","happylovesChuck","@Odrep that's great to hear. family members are out now. Tib and McB are together in LA, El's still in France I think. Bug's studying "
"0","2233662356","Thu Jun 18 21:42:07 PDT 2009","NO_QUERY","Krystlei","I haven't unpacked my suitcase yet and I just spilled juice on my last pair of clean jeans  - Laundry just became official!"
"0","2263399554","Sun Jun 21 00:42:39 PDT 2009","NO_QUERY","insertsmiley","@SEXYTIMElove actually i didn't even see him @ church today "
"4","2013770286","Tue Jun 02 23:31:50 PDT 2009","NO_QUERY","vintagepolka","@AnneAAM have u listen to the clip David confirming bout his album? eh? albums to be precise. "
"4","1994672094","Mon Jun 01 12:16:49 PDT 2009","NO_QUERY","JUNEBUG5","@bagfetish well hope we both sleep better 2 nite!! "
"0","2248940711","Fri Jun 19 21:26:44 PDT 2009","NO_QUERY","maatyce","twitter is wack yo. but im bound by boredom. "
"4","2046479822","Fri Jun 05 12:14:23 PDT 2009","NO_QUERY","karenstrunks","@benjibrum what pigs?! where ARE you! "
"4","2000939271","Mon Jun 01 23:22:40 PDT 2009","NO_QUERY","RhythmIncDance","@SoCal Trip Members. Please bring a sleeping bag or blanket AND a pillow please "
"4","1975487689","Sat May 30 15:15:45 PDT 2009","NO_QUERY","ashleyjuran","Thrift store shopping with my baby soon "
"0","2196217551","Tue Jun 16 12:10:44 PDT 2009","NO_QUERY","wesdavisjr","my computer is acting weird and now its deleting all my files today is not gonna be a good day "
"4","1975955608","Sat May 30 16:16:04 PDT 2009","NO_QUERY","hoychilda","@woaiberry123 awww can i eat with you guys too? "
"0","2195047323","Tue Jun 16 10:36:26 PDT 2009","NO_QUERY","choh","Listening to: &quot;Jack Penate Have I Been A Fool Music Video on IMEEM Video&quot;irony...  ( http://bit.ly/12yxa2 )"
"0","2059457468","Sat Jun 06 16:58:34 PDT 2009","NO_QUERY","Ilkee","@strangetymes awesome!2 months!..but i go on holiday with some friends so..that's 10 days less,and on camp,thats another 10 days "
"0","2178167977","Mon Jun 15 07:17:48 PDT 2009","NO_QUERY","Pandabeara","@FrankRamblings Yes Babby steps for eating meat. Too much meat makes me ill  I miss meat so much!"
"4","2054903476","Sat Jun 06 08:18:49 PDT 2009","NO_QUERY","TaqiyyaLuvLa","@hortovdaciti I hear you love...same here "
"4","1985858707","Sun May 31 17:54:25 PDT 2009","NO_QUERY","ciaobella50","@keeperofdreams Awesome...........finally..........good work!................ "
"0","2207491590","Wed Jun 17 08:00:27 PDT 2009","NO_QUERY","Aidenvalenciano","@TheRealJordin awe I met you today with kidkradic and I didn't get to take a picture with you  I'm like so heartbroken but happy I saw you"
"4","1978054774","Sat May 30 22:19:41 PDT 2009","NO_QUERY","whiteblouse","@UlteriorAvesha good night "
"0","1793040923","Thu May 14 01:08:54 PDT 2009","NO_QUERY","erinryan","WHY have twitter done the 'fix'?? Why........ "
"4","1971891043","Sat May 30 08:07:08 PDT 2009","NO_QUERY","huntress07","Just finished updating my myspace page, with pictures of my baby... he is such a cute kitten, he cries when he wants his mommy! "
"0","1694456643","Mon May 04 02:42:47 PDT 2009","NO_QUERY","gina_pina_14","@nandiaramos *comes in rattling pots and pans and then quick;y regrets it* My heeaaaaadddd "
"4","2050940809","Fri Jun 05 19:34:15 PDT 2009","NO_QUERY","Drewbee87","@buckhollywood I'm watching my Will &amp; Grace DVD's! And eating a lean pocket! "
"0","2186596714","Mon Jun 15 19:03:51 PDT 2009","NO_QUERY","5awesomekjfans","new video up soon...sorry for the delay  . -lindsay"
"4","1957066137","Thu May 28 23:25:23 PDT 2009","NO_QUERY","Yalovyy","@RMNH thnx for video! "
"4","2061165691","Sat Jun 06 20:18:39 PDT 2009","NO_QUERY","DamienCripps","@JustA_Girl go join them "
"4","1693918236","Mon May 04 00:17:47 PDT 2009","NO_QUERY","christina_car","just watched the women. cute! who didn't like it... men? pshawww. i saw the play last year too, love the idea of all women. liberating! "
"0","2234183424","Thu Jun 18 22:34:47 PDT 2009","NO_QUERY","shan1209","is having an intense fat day "
"4","1835312171","Mon May 18 05:41:35 PDT 2009","NO_QUERY","lovetease","@totalrapture Just commented your post - I liked that entry "
"4","1978569982","Sat May 30 23:46:09 PDT 2009","NO_QUERY","mcamry","@ddlovato listening to your song don't forget. It's my favorite off your album. "
"4","2052455245","Sat Jun 06 00:47:15 PDT 2009","NO_QUERY","MidnightJay","Listening to song that bring back memories  and chatting with repo friends"
"4","2014784423","Wed Jun 03 02:40:39 PDT 2009","NO_QUERY","the_lor_show","@bets_carabuena dear! sa friday pa dito  thursday ang game "
"4","1882320442","Fri May 22 06:39:26 PDT 2009","NO_QUERY","Nawlintweets","@amymarie2534 Oooooh I can't wait. Have a good one darlin' "
"0","1979791148","Sun May 31 04:31:08 PDT 2009","NO_QUERY","ChloeLovesEd","@LucieMinor I Am SOOOOOOOOOOOOOOO jealous  wants to go beach. :'("
"4","1997502053","Mon Jun 01 16:57:52 PDT 2009","NO_QUERY","ashleyc726","looooooooong day at work .. glad I have my 4th Twilight book "
"0","2058772284","Sat Jun 06 15:35:52 PDT 2009","NO_QUERY","billyrowan","@Fallen_Reason heh I know feeling "
"0","2261999708","Sat Jun 20 21:42:40 PDT 2009","NO_QUERY","RoseisRose","When life hands you lemons you should make lemonade, right. But what if you feel that making lemonade won't make a difference? "
"4","1835310889","Mon May 18 05:41:23 PDT 2009","NO_QUERY","lopezd911","Good Morning everyone! Ready to start another exciting week. What? 59 degrees outside???? "
"4","1980641756","Sun May 31 07:17:43 PDT 2009","NO_QUERY","GemmaG986","nothin on msn and talkin to people!!! "
"0","1573455385","Tue Apr 21 01:15:05 PDT 2009","NO_QUERY","marteyo","@_amberlovely as in sicky sick, yeah "
"0","1551773617","Sat Apr 18 09:56:19 PDT 2009","NO_QUERY","Comp_Addct_80","I have an ear infection    so I played hookie from work and here I am a twitter-holic lol"
"4","1771030247","Mon May 11 22:58:34 PDT 2009","NO_QUERY","KenKour","@megansu anytime miss Su. "
"4","2066607471","Sun Jun 07 10:50:21 PDT 2009","NO_QUERY","__anja","@AFineFrenzy wich colour do you painted your nails  ?"
"4","2051244773","Fri Jun 05 21:18:38 PDT 2009","NO_QUERY","Stay__Beautiful","http://twitpic.com/6q1hs - Fav of the day "
"4","2057785260","Sat Jun 06 13:39:23 PDT 2009","NO_QUERY","NeverYouNeverI","@LISAAASTHOUGHTS we're so coolish  hahaha, that is my new favourite word! "
"0","2189878425","Tue Jun 16 01:08:58 PDT 2009","NO_QUERY","stephdadi","Hi @NameCheap - out of interest what is the rule of you mis-spell something and re-enter your answer? I've done it twice in 24 hr "
"4","1558975850","Sun Apr 19 09:55:20 PDT 2009","NO_QUERY","xVivaLaJuicyx","Feeling really good- had a great workout  Now tackling these Sunday chores. Waiting for my personal assistant's @MissMillions assistance!"
"0","1963230542","Fri May 29 12:24:27 PDT 2009","NO_QUERY","christina123455"," i got yelled at 4 helping the cats by my neighbor"
"0","1988905324","Sun May 31 23:43:41 PDT 2009","NO_QUERY","festivalfolkie","has her maths exam this morning "
"4","1754763571","Sun May 10 07:18:46 PDT 2009","NO_QUERY","snxy","is looking at a blackberry curve 8900 "
"0","2259058081","Sat Jun 20 16:56:59 PDT 2009","NO_QUERY","eboogiee","@z0mbie_ I'm en route to the bar. No one wants to stop to the mall "
"4","1676890423","Fri May 01 23:35:49 PDT 2009","NO_QUERY","misskyashi","doing assignment .. due monday so i can watch my bf tomorrow "
"4","1973898551","Sat May 30 12:02:58 PDT 2009","NO_QUERY","ayealright","@lastyearsgirl_ I think so. She's got a strange look in her eye. I kinda half wanted her to come out with her cat tonight, crazy cat lazy "
"0","2255876649","Sat Jun 20 11:55:33 PDT 2009","NO_QUERY","AmandaStott","Have to take macbook in for service  The encasing broke. AGAIN. Guess I will have to work on windows for the remainder of the evening "
"0","2219518001","Thu Jun 18 00:43:23 PDT 2009","NO_QUERY","heather_francis","First tweet of the day is a rant at the stupid bus driver who was not gonna accept my ticket till I kicked up a fuss!!! Mean man! "
"0","1792616005","Wed May 13 23:41:06 PDT 2009","NO_QUERY","Sara_G_W","@MelissaGuei I wish I had korean bbq... all I had for dinner was a turkey sandwich  I feel poor"
"4","1770654549","Mon May 11 21:53:41 PDT 2009","NO_QUERY","antonperez","@esoterismo You're welcome. "
"0","2284083837","Mon Jun 22 13:26:34 PDT 2009","NO_QUERY","Jenniewrenbird","@teajeni Am useless at stuff like that - can't do pastry or bake cakes "
"0","2190390957","Tue Jun 16 02:35:37 PDT 2009","NO_QUERY","ski323","I am heartbroken "
"0","1989705663","Mon Jun 01 02:30:58 PDT 2009","NO_QUERY","Kogenre","18 degrees at 10 in the morning, home office is like a sauna! Pulled several different muscles yesterday. "
"0","1972686393","Sat May 30 09:41:42 PDT 2009","NO_QUERY","Divaxi","oh where, o where, did my Buhbie go? oh where, oh where, can he be? back down to 161 folks "
"0","2069746076","Sun Jun 07 16:27:02 PDT 2009","NO_QUERY","Chocolatedonout","Holy shit!?! 01.25am and I've got school tomorrow? :o I think I have to drop Heroes today!  where did the time go? Goodnight then xx"
"4","2003292822","Tue Jun 02 06:15:47 PDT 2009","NO_QUERY","jerricklim","@daphnemaia Guten Appetit  Have a good time there. The pineapple is simply divine."
"4","1833686005","Mon May 18 00:06:17 PDT 2009","NO_QUERY","csfoong","@pipupipu That's twitter client for Nokia fones "
"4","1997696900","Mon Jun 01 17:18:02 PDT 2009","NO_QUERY","xXFreeFallingXx","@brianna_v Haha I bet you are uber happy about that "
"4","1678662365","Sat May 02 07:22:53 PDT 2009","NO_QUERY","dani_the1","@princessa_the1 congrats on getting your paper in  em is going to join us at robarts later...the more the merrier, even if its em :p"
"4","1826312533","Sun May 17 08:12:31 PDT 2009","NO_QUERY","BollyKnickers_x","just had a shower, so shes nice and clean "
"0","2324319004","Thu Jun 25 02:51:36 PDT 2009","NO_QUERY","sineadcochrane","@backpedalling @katherinekenny Recently bought everything by them on iTunes. Well worth it. Playing Electric Picnic but I'm not going "
"0","1825458714","Sun May 17 05:46:27 PDT 2009","NO_QUERY","lyyyl","RIP Acer Aspire 2010, you've been great to me for 4 years of my undergrad! Everyone say bye to lappie! "
"0","2190763442","Tue Jun 16 03:39:36 PDT 2009","NO_QUERY","databasejase","@KeatWave We purchased PS3, had PS2 before that, &amp; then won the Xbox so I'd consider myself unbiased &amp; Xbox just blows the PS3 away sadly "
"0","1989969549","Mon Jun 01 03:26:35 PDT 2009","NO_QUERY","AndreaPalagi","sad then @kennykillah didn't send me a morning email "
"0","1825758930","Sun May 17 06:45:14 PDT 2009","NO_QUERY","Phanatical","God I wish I could sleep more than 3 hours a night after I go out "
"0","2218868315","Wed Jun 17 23:18:32 PDT 2009","NO_QUERY","KellyTaylor1982","@casiestewart I dont know how to drive a stick OR auromatic lol "
"4","1679877159","Sat May 02 10:23:17 PDT 2009","NO_QUERY","dmmaxwell","@silvermarquis Sure thing.    We can also compare notes between sessions."
"4","1963004457","Fri May 29 12:03:27 PDT 2009","NO_QUERY","mini_mich","@tommcfly Why did he have to kiss her?? And I wish if he did have to kiss her it was me "
"4","2064686166","Sun Jun 07 06:55:23 PDT 2009","NO_QUERY","JohannaKotyuk","@jimmyfallon you are doing an amazing job with the show, keep up the great work! you always make me laugh no matter what "
"4","1988928964","Sun May 31 23:48:03 PDT 2009","NO_QUERY","kathleen118","Can't wait for Toy Story 3 too. LOL "
"4","2071946720","Sun Jun 07 20:09:02 PDT 2009","NO_QUERY","MrsLosoo","@TEYANATAYLOR yeahhhhhhhh!!!!!!!!!!! lmfaoooooooooooo kobeeeeeeeeeee "
"4","2064810603","Sun Jun 07 07:13:32 PDT 2009","NO_QUERY","f2point4","@spaceisgood Hey, some really great shots! Well done! "
"0","2180678825","Mon Jun 15 10:47:47 PDT 2009","NO_QUERY","LivingStatue","I've got three other days not in school, and this means much science h/w from mcguinness. "
"4","2185535981","Mon Jun 15 17:31:40 PDT 2009","NO_QUERY","mscrismusic","man.... cant just have this sitting around. bout to go lay it down. heading to the studio in a few. [ yes. im still in ATL] see about me. "
"4","1978186418","Sat May 30 22:39:36 PDT 2009","NO_QUERY","KellyG5","@scarletmandy well you are far to kind! and THAT is why I LOVE you  So when are ya coming to Toronto so I can LIFT you?"
"4","1573597818","Tue Apr 21 01:56:10 PDT 2009","NO_QUERY","dawei_nl","@casparterhorst put in your fakes and receive reals  fresh money is popular in China, especially around NY, so change old notes for new."
"4","1558315278","Sun Apr 19 07:59:36 PDT 2009","NO_QUERY","reighvin","@trixie360 I'm glad I could have breakfast with you sweetie. "
"4","1979325922","Sun May 31 02:33:54 PDT 2009","NO_QUERY","jshardlo","flying to Dorchester all on my own "
"0","2002942032","Tue Jun 02 05:31:49 PDT 2009","NO_QUERY","nimdae","Looks like it's going to storm. No bike to work "
"0","1974095591","Sat May 30 12:25:55 PDT 2009","NO_QUERY","MichaelaPatry","this day turned into not such a good day. tear "
"0","2221193915","Thu Jun 18 04:53:58 PDT 2009","NO_QUERY","OConnorOrla","i HATE working out  i feel like crying when i do it :L:L:L so tireed and hungry now  woooo foood"
"4","1956497178","Thu May 28 22:00:31 PDT 2009","NO_QUERY","rrg98","@jennydavis LOL! I thought that was a NY accent he picked up from all those years out there. "
"0","1967021671","Fri May 29 18:49:50 PDT 2009","NO_QUERY","ngaulin","@stonernation Wait I posted my post 7 minutes ago during the first.. does it make it invalid? You just announced it 27 minutes ago "
"4","1677034878","Sat May 02 00:10:54 PDT 2009","NO_QUERY","jessicalim","@Daxter80000 oh okay.  I got scared in the hospital morgue. I swear I heard someone grunting."
"4","1978630580","Sat May 30 23:57:44 PDT 2009","NO_QUERY","TotesMcGotes","@dorkexposed thanks.... I do take my drinking seriously when I do   the days of cheap ass beer are long gone"
"0","1999698278","Mon Jun 01 20:40:04 PDT 2009","NO_QUERY","laaaaaaneee","Walking w jacks n alexis! No salsa lessons today!!! Ahahahhaha "
"4","2046753078","Fri Jun 05 12:38:31 PDT 2009","NO_QUERY","fmmbCuriosa","@Psychic09 Oh ok, then don't worry about it if you can't see anything. "
"4","1469730277","Tue Apr 07 07:15:01 PDT 2009","NO_QUERY","almostsurprised","Getting ready for work 830am-130pm. And then class at 4. How DO I do it folks "
"4","1753956367","Sun May 10 04:18:25 PDT 2009","NO_QUERY","MissMarista","@kellyhines I'm on episode 5 of Lie to Me! It really is a very good show  Thanks for the suggestion!"
"4","2014420767","Wed Jun 03 01:28:23 PDT 2009","NO_QUERY","LIVE2DANC3","@chelleysmiles come come saturday.  if you guys can. "
"0","1981796858","Sun May 31 09:54:45 PDT 2009","NO_QUERY","rightclickos","We are headed up to Fremont today. Tomorrow is the viewing and then Tuesday is my Grandpa's funeral. It'll be a rough couple of days. "
"0","2221510627","Thu Jun 18 05:31:05 PDT 2009","NO_QUERY","prajwalit","Repos update always takes time when you are in hurry.. "
"0","1972143880","Sat May 30 08:39:01 PDT 2009","NO_QUERY","joeylondon","I'm eating now ...ouch my stomach hurts "
"4","1550968320","Sat Apr 18 07:46:33 PDT 2009","NO_QUERY","Vyder","shower...ride to buggy... "
"4","1979263910","Sun May 31 02:18:11 PDT 2009","NO_QUERY","coliwilso","decided to go with soup cos the final ingredient i have, blackberry sponge pudding mix, doesn't go with my others "
"4","2060049372","Sat Jun 06 18:09:36 PDT 2009","NO_QUERY","StephanieN1991","Redbox, Hardee's and then home! "
"0","2199784386","Tue Jun 16 18:00:00 PDT 2009","NO_QUERY","NettSkii07","I Really Wanna Go Bowling "
"4","1974218665","Sat May 30 12:40:47 PDT 2009","NO_QUERY","t3llie","Goodafternoon twitter fam "
"4","2059649554","Sat Jun 06 17:21:27 PDT 2009","NO_QUERY","capistrano99","@stratosphear I missed this tweet.. but I understand. I'm being prodded by others  they are obviously not in favor, no mat'r whats said"
"0","1752410292","Sat May 09 21:50:53 PDT 2009","NO_QUERY","cassieroberson","ugh. only half way home and we have been driving for ages  and macca's internet is sooo slow"
"0","2204390282","Wed Jun 17 02:05:27 PDT 2009","NO_QUERY","patriciafytan","looking forward to karaoke session after work today ^^ no swimming this week "
"0","2204218828","Wed Jun 17 01:38:09 PDT 2009","NO_QUERY","GeorgeSmily","I swam. It hurts. It's a good kind of hurt. Apart from that. That's the bad kind of hurt. owwww "
"4","1981045317","Sun May 31 08:17:21 PDT 2009","NO_QUERY","Amydouk","my mum was doing waitressing last night @ a wedding,julian rhind-tutt aka mac from green wing was a guest there! i have his place name "
"0","2301857840","Tue Jun 23 16:00:26 PDT 2009","NO_QUERY","yeahrightTAYLOR","I miss everyone from K4 "
"4","1558618826","Sun Apr 19 08:55:10 PDT 2009","NO_QUERY","gabysslave","@Hedgewytch @exsanguinator loves all things scifi fantasy and comics so should be able to engage over such things as well as being a geek "
"4","2001702054","Tue Jun 02 01:46:39 PDT 2009","NO_QUERY","sarahrequiem","me and jesse just made the most delicious cup cakes! ...combined with criminal minds s3 and coffee and i'm in my happy place "
"4","1754711311","Sun May 10 07:09:09 PDT 2009","NO_QUERY","paulabdulfan","@PJA4ever kl ok,  yay GO GO Paula , thank u"
"4","1880711077","Fri May 22 02:13:25 PDT 2009","NO_QUERY","BoogieTheMags","I am realising I know nothing of popular culture - hahaha "
"0","1468970370","Tue Apr 07 04:38:47 PDT 2009","NO_QUERY","missyera","@rxrrazorblade Poor you.  I just finished work. You'll get through the day."
"4","2065234188","Sun Jun 07 08:10:32 PDT 2009","NO_QUERY","brasio","@tennisDijana That's it! FEDERER's the CHAMP!  6-1; 7-6; 6-4"
"4","1823085709","Sat May 16 21:04:52 PDT 2009","NO_QUERY","lula_snape","@Mattdavelewis Awesome new picture "
"4","1823086804","Sat May 16 21:05:01 PDT 2009","NO_QUERY","Daizz26","people make me smile. "
"4","2048223738","Fri Jun 05 14:51:28 PDT 2009","NO_QUERY","JournalJunkie","@NUfBXH Thanks "
"0","2300693329","Tue Jun 23 14:28:24 PDT 2009","NO_QUERY","always2trill","man man man ....   R.I.P. TO MY 4th 360 And ED MCMHAN .... or however u spell the las name Sorry!! lol"
"0","2186425301","Mon Jun 15 18:49:18 PDT 2009","NO_QUERY","joykris31","This day is a total let down. "
"4","2014926945","Wed Jun 03 03:08:39 PDT 2009","NO_QUERY","janelleyeah","@courtneyjayneee preety keen for snuggles/big spooning...its soo cold out.!  what you up too fangz? "
"0","1680703399","Sat May 02 12:17:58 PDT 2009","NO_QUERY","AliciaRubyDavis","@ddlovato R u doin the brimingham(uk) concert with the jb ? cuz i wana cum c u in concert so bad but u ent doin concerts in the uk "
"4","1990213665","Mon Jun 01 04:13:39 PDT 2009","NO_QUERY","TheNewJack","interview this evening "
"4","1992519768","Mon Jun 01 08:53:11 PDT 2009","NO_QUERY","Firgs","@ksaim @jasonloucks It was self assigned homework. Gotta stay on top of things. "
"0","2059591927","Sat Jun 06 17:14:34 PDT 2009","NO_QUERY","alexmatala","my grandparents are leaving today. "
"0","2251783992","Sat Jun 20 04:34:09 PDT 2009","NO_QUERY","brinknotes","so hungry! but there's no food "
"0","2192975401","Tue Jun 16 07:49:19 PDT 2009","NO_QUERY","marquiesa","Just arrived at school... Late again "
"4","2176696874","Mon Jun 15 04:32:09 PDT 2009","NO_QUERY","maddiannew","gorgie- why do you swear, me- BECAUSE. ur reaction to it is funny  gorgie then got a pissed off face and chased me round the house "
"0","1971934314","Sat May 30 08:12:36 PDT 2009","NO_QUERY","Lovely_meRita","@LeighanneReena Thats great Brian came home. My husband is deploying for 4 months come June 8th. Not looking forward to that. "
"4","2179701293","Mon Jun 15 09:27:54 PDT 2009","NO_QUERY","RuthxShelton","today has not had a good start but i think itll get better. im hopeful "
"0","1834950218","Mon May 18 04:42:24 PDT 2009","NO_QUERY","Lucky_you33","@avl94 Surprising? Am i that bad  haha."
"0","2050426306","Fri Jun 05 18:38:53 PDT 2009","NO_QUERY","justasundaygirl","Vital Information #2: Space travel will make people ugly  http://tinyurl.com/p3u8n3"
"4","1997515751","Mon Jun 01 16:59:18 PDT 2009","NO_QUERY","Sazinwonderland","@geri1980 oh yeh it will be eh. i cant wait "
"0","1468567566","Tue Apr 07 02:27:41 PDT 2009","NO_QUERY","gracec02","Awww my Whitestrips are not staying on "
"0","1989464927","Mon Jun 01 01:38:32 PDT 2009","NO_QUERY","kayasmith","All folk are speaking about is theman found dead on highstreet "
"0","1997911776","Mon Jun 01 17:40:18 PDT 2009","NO_QUERY","Virginia_5","@itszMC I am going to Fairfax, VA.. probably nowhere near where you'll be   It was so great to meet you in Lancaster!!!"
"4","2178343662","Mon Jun 15 07:33:45 PDT 2009","NO_QUERY","phlegmaticNoose","Don't like black used as base (for most cases)... It's sinister  and it's hard for the eyes to relax - the readability's compromised..."
"0","1679240095","Sat May 02 08:52:46 PDT 2009","NO_QUERY","imafishy_rawr","@whelming lol ok then ...im guessing she didnt. lol..i have forgoten to come on here :O im a bad tweeter.. "
"4","1982750853","Sun May 31 11:49:48 PDT 2009","NO_QUERY","TylerTragic","@MissKatiePrice DId u enjoy the fashion sohw was it fun  x"
"0","2191024011","Tue Jun 16 04:20:15 PDT 2009","NO_QUERY","aprescottgirl","what do you think?  Hum........workin.....  "
"4","1983362898","Sun May 31 13:00:49 PDT 2009","NO_QUERY","ohmykix","I hear the ice cream man!!!!!!!  and its actually going slow!! "
"0","1986182408","Sun May 31 18:27:11 PDT 2009","NO_QUERY","AngieKramer","@rxmxa sad, we never see Dan Dance anymore. "
"0","2204971614","Wed Jun 17 03:37:05 PDT 2009","NO_QUERY","karinb_za","@topdan Oh heck no shame Nev.  Tx for playing The Love Game by Lady Kaka tho... it's a fun song. ;-) Hope the queues are short! xx"
"4","2044453107","Fri Jun 05 09:22:49 PDT 2009","NO_QUERY","music_flurry","â™« Working on a new Single for someone speshull ^^ Shhhhhhhhhh...should be done by today  http://tr.im/nyfY"
"4","1794041402","Thu May 14 04:47:17 PDT 2009","NO_QUERY","vfeistner","@TiphTiph I'm fine.  Did a crazy dip last night and a back muscle went, quote, &quot;sproing&quot;. But ice and a good night's sleep worked OK."
"4","1759856678","Sun May 10 20:06:49 PDT 2009","NO_QUERY","Jacq_DeVito","Missed all my Sunday night cartoons as the parents and myself were hanging my ceiling fan "
"0","2227651416","Thu Jun 18 13:27:52 PDT 2009","NO_QUERY","maragianna","We lost  . what a day."
"4","1558142118","Sun Apr 19 07:24:42 PDT 2009","NO_QUERY","juicyyusi","@rapslikeportman BK sounds hella good  can we go after 6 ?"
"0","2068929025","Sun Jun 07 14:57:34 PDT 2009","NO_QUERY","dizzymess","Sooooooooooooooooooo cold "
"0","1968375470","Fri May 29 21:18:27 PDT 2009","NO_QUERY","clockfort","Ah crap, work is becoming more difficult. Nethack and TV off to the side now "
"0","2055290350","Sat Jun 06 09:02:54 PDT 2009","NO_QUERY","trmorgan","I'm confused as to what to do with twitter haha "
"0","2013017062","Tue Jun 02 21:44:44 PDT 2009","NO_QUERY","DeannaStrong","is so very very tired, but can't sleep after a creepy day.  Meanwhile Abby is snoring it up  lucky dog!"
"4","1687765963","Sun May 03 09:32:09 PDT 2009","NO_QUERY","jenjam_x","looking forward to June 12th "
"0","2204703774","Wed Jun 17 02:55:05 PDT 2009","NO_QUERY","neyda_88","Ok its 5am n I can't go to sleep!! Ugh!! Gotta be up in 4 hrs!! "
"0","1984540919","Sun May 31 15:18:34 PDT 2009","NO_QUERY","NuyoRiquena","@trayceeking Wish you were here!  "
"0","2298077355","Tue Jun 23 11:13:42 PDT 2009","NO_QUERY","xluckytolove","2.12am and i'm still doing my work. must wake up on time tomorrow "
"4","1973897683","Sat May 30 12:02:52 PDT 2009","NO_QUERY","His_Beloved_One","likes the lyrics and is moving to the music...  "
"4","2064554735","Sun Jun 07 06:35:03 PDT 2009","NO_QUERY","xxxHiRoxxx","well,i finished taking care of grandma. now,im relaxing in my room as im listening to music "
"4","2051396552","Fri Jun 05 21:54:53 PDT 2009","NO_QUERY","aka_Marisol","Weather is AWESOME in Phoenix!! Heading to First Friday "
"4","1968664324","Fri May 29 21:55:54 PDT 2009","NO_QUERY","okiemomof2","is heading to bed - going to the silent breakfast in Edmond in the morning, then Ri's Peter Pan Production week begins "
"4","2052152919","Fri Jun 05 23:49:22 PDT 2009","NO_QUERY","ChEmIcALbUlLeTs","@Rachecullen  *Hugs* "
"0","2259571981","Sat Jun 20 17:48:26 PDT 2009","NO_QUERY","p4pKing","@CherilynnKaye a family party but didn't invite family "
"0","1677435412","Sat May 02 02:03:46 PDT 2009","NO_QUERY","swaggerbits","is getting teary-eyed because of GLOOMY SUNDAY... dang this song is so depressing... "
"0","2017496260","Wed Jun 03 08:29:11 PDT 2009","NO_QUERY","JackiMartinez","@rlich8 did you get any? My friend tried for us since I'm on the road...struck out "
"4","2187020264","Mon Jun 15 19:40:24 PDT 2009","NO_QUERY","quickenloans","@MikeDriehorst Always thinking....this is actually going somewhere. "
"0","2179447103","Mon Jun 15 09:06:55 PDT 2009","NO_QUERY","laurakendrick","thundering again  glad i ran earlier"
"0","1752997571","Sat May 09 23:44:23 PDT 2009","NO_QUERY","DCrocks88","i'm thinking kris allen has more talent than he's getting credit for,i wish he'd win ai, doubt he will. "
"4","2174691078","Sun Jun 14 23:05:47 PDT 2009","NO_QUERY","marie_lynn","picking up my wardrobe "
"0","2044191903","Fri Jun 05 09:00:13 PDT 2009","NO_QUERY","lelly17","@DonnieWahlberg i wont b  lol x"
"0","1996796801","Mon Jun 01 15:42:27 PDT 2009","NO_QUERY","djcoalition","yeah my ish is on the radio..silversun pickups i want to see them live  http://sml.vg/Bk2rXQ"
"0","1751706255","Sat May 09 20:04:54 PDT 2009","NO_QUERY","funnytimeofyear","Real world is lonely at 4am when you wanna talk to people about your day "
"0","2176584109","Mon Jun 15 04:15:19 PDT 2009","NO_QUERY","george423","work gets crapper and crapper every day "
"4","1973881059","Sat May 30 12:00:54 PDT 2009","NO_QUERY","xCAROxx","@ladygagafan1 the stuff that you keep a secret.  once again, im not keeping up with replies. im lammmmmme!"
"4","2190728464","Tue Jun 16 03:33:34 PDT 2009","NO_QUERY","cardiffblogger","@Joecas71 Can I come? "
"0","1957313260","Fri May 29 00:07:41 PDT 2009","NO_QUERY","Hemp316","Can you believe it:Tomorrow Night will be Jay Leno's last episode of the Tonight Show  I encourage everyone to watch it and welcome Conan."
"4","2179105020","Mon Jun 15 08:39:04 PDT 2009","NO_QUERY","citygirl912","@siana_mia Hi sweetie! Great morning here! I hope you're having a good day too. "
"0","2326771103","Thu Jun 25 07:29:24 PDT 2009","NO_QUERY","Anto0o","@EczemaTreatment Yeah, a steroid cream and a moisturiser. It does help a bit but I'm still left with it on my arms. "
"0","2174451273","Sun Jun 14 22:34:49 PDT 2009","NO_QUERY","possimpible","Really hoping Watase decides not to kill off my bb Tomite first and that he ends up with Takiko.  I'm so ~delusional..."
"0","2288551258","Mon Jun 22 19:18:28 PDT 2009","NO_QUERY","ciara_brooke","i hope my best frand doesnt move to kenucky!!!! "
"4","2044733734","Fri Jun 05 09:45:09 PDT 2009","NO_QUERY","steph_hinrichs","Oh what a busy day this is going to be  now it's time for graduation practice!"
"4","2175922294","Mon Jun 15 02:23:25 PDT 2009","NO_QUERY","IrishAlana","Morning everyone  looks like it's gonna be nice out today "
"0","2233932719","Thu Jun 18 22:08:27 PDT 2009","NO_QUERY","karihulley","@missjorge you are going to have the most amazing time and accomplish so much while you're over there - i only wish i was coming with you "
"0","2286363054","Mon Jun 22 16:20:40 PDT 2009","NO_QUERY","allyzMARRIED","@lucy1568 yeah i looked bad in thht one ! "
"0","2189108976","Mon Jun 15 23:15:42 PDT 2009","NO_QUERY","its_sarahmarie","@fia_PWNS I'm so sorry that happened  That's TERRIBLE.  I &lt;3 you!"
"0","2323072218","Wed Jun 24 23:51:07 PDT 2009","NO_QUERY","HollyMcClellan","@LorrainesLife watch out for the rusty chain - my 2 week old chain wasn't happy when i didn't clean it "
"4","1999928310","Mon Jun 01 21:04:52 PDT 2009","NO_QUERY","wingllless","You start to see who cares and who doesn't. "
"4","1964871589","Fri May 29 14:56:50 PDT 2009","NO_QUERY","Jaibaybee","@Tcell1 -- . Yes "
"4","1975659902","Sat May 30 15:37:41 PDT 2009","NO_QUERY","StephMariee","Discussing with @ellewhite who should get Carlisle and who should get Jasper "
"0","2200957647","Tue Jun 16 19:36:33 PDT 2009","NO_QUERY","theonekimmy","Just got done talking about how delicious sweet tea is... And I want some now... Pronto!!!! "
"0","1684818755","Sat May 02 22:08:33 PDT 2009","NO_QUERY","AmandaSueki","@venessagarza omg some how I'm sick or allergies or something was not up to partying on strand can't breathe  hows Arizona?"
"4","1981837145","Sun May 31 09:59:43 PDT 2009","NO_QUERY","dragontart","have an overwhelming urge to shout 'MOVE IT, MOVE IT, MOVE IT' through a megaphone while standing up in an open topped jeep "
"4","1984414713","Sun May 31 15:03:46 PDT 2009","NO_QUERY","ainsliechristin","done packing for Baton Rouge, ready to leave "
"0","2217028446","Wed Jun 17 20:17:36 PDT 2009","NO_QUERY","mandalynnmoon","@ jenjele thanks i hope so tooo! i can't believe you guys are graduating tomorrow...ahh "
"0","2324198310","Thu Jun 25 02:32:33 PDT 2009","NO_QUERY","ellesil","@bjornyeo yeah  it's way more fun being &quot;hot, hot, hot&quot; in Boracay than Sg"
"0","1979210582","Sun May 31 02:04:50 PDT 2009","NO_QUERY","yvetteeeee","probably batting for other team "
"4","1836007914","Mon May 18 07:11:32 PDT 2009","NO_QUERY","webaggression","@chandlervdw I was going anyway, but now...can I smack you with a big PC tower?   #Ta5"
"4","1981437217","Sun May 31 09:09:07 PDT 2009","NO_QUERY","ElizabethsMom","@stacey79 ...I guess Booth decided to go home...yeah in the middle of the night...hello...so stupid...but yet I still watch... "
"4","1791808702","Wed May 13 21:10:12 PDT 2009","NO_QUERY","rockportrait","@gerimoran Re the kid kissing the pig - I would have stopped the kid just for the pig's sake. "
"0","2000570059","Mon Jun 01 22:25:04 PDT 2009","NO_QUERY","abbychang","Goood night twweeeterr!! I just ate so much my tummy really hurts!  !"
"4","1993427864","Mon Jun 01 10:21:38 PDT 2009","NO_QUERY","maynaseric","@jshe lolz "
"4","1966785798","Fri May 29 18:23:48 PDT 2009","NO_QUERY","heyjustine","@clarisseCHICKEN aim, please "
"4","2066642079","Sun Jun 07 10:54:15 PDT 2009","NO_QUERY","lilbebe1101","@ANF16 ur silly. "
"0","1677054072","Sat May 02 00:15:42 PDT 2009","NO_QUERY","evAllTimeLow","why am i alot sicker today than i was yesterday?  if i was this sick yesterday i wudda been able to miss school. . ."
"0","2295252456","Tue Jun 23 07:41:06 PDT 2009","NO_QUERY","rossnelson","@chrisdejabet http://bit.ly/KDkvO  twitter can't tell time  #getoffmylawn"
"0","1792260585","Wed May 13 22:37:06 PDT 2009","NO_QUERY","jadekirk","@persiflage It's not just you. "
"0","1975509692","Sat May 30 15:18:34 PDT 2009","NO_QUERY","SpannerFrog","going out is too much effort man  damn this week!!!"
"0","1793728382","Thu May 14 03:47:10 PDT 2009","NO_QUERY","TheBigE1215","Just got up getting ready for school "
"0","2194788344","Tue Jun 16 10:15:44 PDT 2009","NO_QUERY","markspiteri","Without electricity for 9hrs and counting "
"4","2063845371","Sun Jun 07 04:18:06 PDT 2009","NO_QUERY","Nice_Kitty","@gmgcam sounds like a great day  Today I'm waiting for a friend, he looks after my Computer &quot;problem&quot; and I want to learn for some exams"
"4","1677889977","Sat May 02 04:31:27 PDT 2009","NO_QUERY","fmewingiii","heigh-ho, heigh-ho, to feed the hungry i will go!!! want to join?  Hit me up! (214) 317-0485  @ Cathedral Of ... http://loopt.us/UjcNkw.t"
"4","1976184729","Sat May 30 16:46:20 PDT 2009","NO_QUERY","WhitterJackson","@pugofwar It Sucked and then I Cried by Heather Armstrong. It's no Twilight  What book are you on now?"
"4","2175820044","Mon Jun 15 02:05:30 PDT 2009","NO_QUERY","f1_sarah","let's all think about @randomflowers who is today going to secure her place at her first choice uni "
"4","2188266440","Mon Jun 15 21:35:14 PDT 2009","NO_QUERY","IdeaOfWVU","What a great weekend.... and now im abusing my brothers new laptop... and this is my 500th twitter..... "
"4","2044312220","Fri Jun 05 09:10:29 PDT 2009","NO_QUERY","angelaharms","@joshcook83 Weird, huh? I guess my mind's in the gutter. "
"4","1964969545","Fri May 29 15:06:37 PDT 2009","NO_QUERY","i_like_limes","@juliesauce why thank you "
"4","1957346557","Fri May 29 00:13:22 PDT 2009","NO_QUERY","rickgalan","@ChristinaGayle I was recently at a local event where @zarbees was talking about  a mom who took the medicine. just found out it was you! "
"4","2069531329","Sun Jun 07 16:02:58 PDT 2009","NO_QUERY","Linda_Sgoluppi","@Earl52 Tell us what fire ants are then maybe we can come up with suggestion "
"0","2192110368","Tue Jun 16 06:31:29 PDT 2009","NO_QUERY","Nova_x3h","hates Live being down, at least I have Broken Steel to support me. I miss World at War "
"0","2185639570","Mon Jun 15 17:41:04 PDT 2009","NO_QUERY","becksdavis","@coreyperlman I would if I could, it's for my husband and I'm not excited about the plans! But we've put it off for 2 Fridays now. "
"0","2247233771","Fri Jun 19 18:47:26 PDT 2009","NO_QUERY","LetsgoLesko23","Is tired but so much to do "
"0","1990728667","Mon Jun 01 05:36:16 PDT 2009","NO_QUERY","GilmoreGirl_21","Afternoon folks!No tweets from me yesterday due to my excruciatingly painful sunburn  I officially hate the sun,bring back the rainy days!"
"0","2049396010","Fri Jun 05 16:48:26 PDT 2009","NO_QUERY","Shannancy","Somewhat dreading my graduation ceremony. "
"4","2182836131","Mon Jun 15 13:41:58 PDT 2009","NO_QUERY","YiyiErmosa","Ahh Graduation was The BESSt!! wooot-woot  Cant Wait For Summer!"
"0","2234427360","Thu Jun 18 23:02:11 PDT 2009","NO_QUERY","DumbLemonLizzy","my laptop is now somewhere. but not here.  hopfully it will get fixed."
"0","2054223647","Sat Jun 06 06:51:56 PDT 2009","NO_QUERY","Rhi1806","is now stressed about history  GREAT"
"0","2222003867","Thu Jun 18 06:20:57 PDT 2009","NO_QUERY","morgancoyne","Sitting in a dentist chair getting two cavities filled  I am very unhappy"
"4","2071613329","Sun Jun 07 19:40:10 PDT 2009","NO_QUERY","cherry_lely","@cherry_darling haha i agree.. @GamerManiac512 see gamer naps are nice "
"4","1685463174","Sun May 03 00:30:10 PDT 2009","NO_QUERY","nikonthog","@langfordperry The reader was good..................Im still traumatized "
"0","2213659911","Wed Jun 17 15:40:22 PDT 2009","NO_QUERY","heyitskesa","Alright, can't do much with this fuckin' headache so I'm just going to pass out. Agh, paaaain. "
"0","2227321854","Thu Jun 18 13:03:07 PDT 2009","NO_QUERY","strongdesign","its that time of month again... newsletter writing time  it always makes me so sleepy!"
"4","1998369918","Mon Jun 01 18:26:13 PDT 2009","NO_QUERY","KenitaSimone","just finish doin a mile... its officially my everyday routine "
"4","1825029665","Sun May 17 04:01:44 PDT 2009","NO_QUERY","suzysmiles","@gerdaduring LOL, so ur 'supervising' and providing encouraging support then. Like your style "
"4","1881841152","Fri May 22 05:40:58 PDT 2009","NO_QUERY","sbsmike","@allisondean hmmm nope, but I'll look it up on iTunes  thanks for the recommendation!!!!"
"4","2069603834","Sun Jun 07 16:10:55 PDT 2009","NO_QUERY","kathy_h","@evanslusher - I'll take mine medium-rare please.  With mustard on the side.  Thks!  "
"0","1985115990","Sun May 31 16:27:50 PDT 2009","NO_QUERY","LilliFerreira","hmmm. should i take a nap and then watch the MTV movie awards?? ... dont think sooo  way too tired. its 1:27am"
"0","2048883554","Fri Jun 05 15:56:06 PDT 2009","NO_QUERY","RoniChristie","&quot; And how you can find love in un-expected places, and how best friends can become un-familar faces&quot;-Lina Reaffalli  it saddens me "
"4","1824918100","Sun May 17 03:31:17 PDT 2009","NO_QUERY","kpnuts68","Oh my god I am addicted to tweeting already "
"4","1792510752","Wed May 13 23:21:14 PDT 2009","NO_QUERY","ChellyBum","dad took max for a walk "
"4","2044793390","Fri Jun 05 09:49:52 PDT 2009","NO_QUERY","nyc_annabnana","@ldntown yes, i'm very happy to be coming up there. i miss u &amp; arch &amp; lady barksalot. "
"4","2000696497","Mon Jun 01 22:43:42 PDT 2009","NO_QUERY","RachelJencina","@YoungQ I told you we will go thru a 12 step tweeting program. "
"0","1827983667","Sun May 17 11:51:08 PDT 2009","NO_QUERY","KristinaForsyth","wish this stupid flu would go away already! ; doctor didnt help it at all "
"0","1557819010","Sun Apr 19 06:08:37 PDT 2009","NO_QUERY","abbysmith1980","just woke up and I am wishing today wasn't suck a busy day      Too much to do"
"0","2178839098","Mon Jun 15 08:16:39 PDT 2009","NO_QUERY","EastBayPunkMafi","is gutted that the GreenDay RockBand is only down load and 3 song waz hopein for a sepcial addition full on GreenDay RockBand game "
"0","2285746915","Mon Jun 22 15:31:38 PDT 2009","NO_QUERY","ToeyBoy","I barfed on the floor and Momma is mad.  I'm sorry, Momma, I'm sorry.  "
"4","2178986394","Mon Jun 15 08:29:11 PDT 2009","NO_QUERY","SarahRobinson","@StephanieFrank total synchronicity my friend - I was JUST looking at your name on my calendar this week &amp; smiling. "
"0","2323112527","Wed Jun 24 23:56:16 PDT 2009","NO_QUERY","GodDammitNina","riding in cars with boys... my pinched nerve is killing me "
"4","1978707593","Sun May 31 00:12:06 PDT 2009","NO_QUERY","Dannnnee","Thats was ment to be really like, with a space in the middle "
"0","1835979532","Mon May 18 07:08:13 PDT 2009","NO_QUERY","natashamay17","@SimplySib oh the joys of stalking people....seriously it just becomes easier and easier. Booo Jimmy Carr didn't reply to you "
"4","2061997504","Sat Jun 06 22:05:22 PDT 2009","NO_QUERY","datawhore","I've got something to say... "
"0","2069387446","Sun Jun 07 15:47:06 PDT 2009","NO_QUERY","epicipods","i was just kicked out of @youripoddoc 's live chat for doing nothing "
"0","1467880431","Mon Apr 06 22:38:04 PDT 2009","NO_QUERY","finnsig","@DiannePulham OOOOOOOO who with? (im not neither but thats because i need to study  )"
"0","2249657762","Fri Jun 19 22:45:25 PDT 2009","NO_QUERY","kikasugar","I am sooo hungry!! 2 hours till my next meal "
"4","1675898433","Fri May 01 20:35:40 PDT 2009","NO_QUERY","SwtGirl7","@questlove wait..how can you, if i'm here? "
"0","1962267791","Fri May 29 10:47:01 PDT 2009","NO_QUERY","fantasticpru","Sad making! Bought Guitar Hero Metallica for my hard working soldier and it is not reading disc! "
"4","2039908164","Thu Jun 04 23:06:57 PDT 2009","NO_QUERY","Chubbx","@aileen2u2 I have permanent bad hair whatever the weather "
"0","1557226560","Sun Apr 19 02:46:20 PDT 2009","NO_QUERY","newmetalarmy","The Purple Turtle was VERY dark last night. I got some good videos of the bands but they are a bit dingy  Will upload later."
"4","1989658966","Mon Jun 01 02:20:39 PDT 2009","NO_QUERY","emilie_mc","just watched the new moon trailer, i like it "
"4","1968710252","Fri May 29 22:02:07 PDT 2009","NO_QUERY","sammy_roberts22","setting up my music youtube "
"4","1957743463","Fri May 29 01:28:12 PDT 2009","NO_QUERY","MichaelBarley","@Dunkndisorderly Who the HELL is Duncndisorderly? "
"0","2257199968","Sat Jun 20 13:57:32 PDT 2009","NO_QUERY","sandboxdinosaur","Bored and tired + my ipods nearly dead and the charger is at home "
"4","2003659656","Tue Jun 02 06:55:50 PDT 2009","NO_QUERY","skyinwinter","@LittleFletcher http://twitpic.com/6go2v - haha hlove your face!  and your hair is AMAZIIIING *----*"
"0","2055169741","Sat Jun 06 08:49:50 PDT 2009","NO_QUERY","djsteeley","I wish Scotland was going to the World Cup next year in South Africa - we need a miracle    #England"
"4","2044046708","Fri Jun 05 08:47:30 PDT 2009","NO_QUERY","danwtmoon","@philaskew rocks doesn't it? i'm pretty much on @evernote 24x7x365 follow them too for ron's tips every few days "
"0","2198150880","Tue Jun 16 15:40:25 PDT 2009","NO_QUERY","a_maselli","off to work "
"4","1692786995","Sun May 03 20:46:59 PDT 2009","NO_QUERY","She_shines92","@MissysNoAngel aaahhh ok, i'll check that out, thanks! "
"4","1982165462","Sun May 31 10:39:35 PDT 2009","NO_QUERY","maddieprior","@JonDoll thank u I can always count onuto make me smile  x x"
"4","1824988217","Sun May 17 03:50:37 PDT 2009","NO_QUERY","claudiamcfly","turkey sandwich, rocky road and a rocket to the moon make revising seem tolerable "
"4","1880165153","Fri May 22 00:18:31 PDT 2009","NO_QUERY","karlgsoe","@walthern thanks for your welcoming "
"4","1553616079","Sat Apr 18 14:44:53 PDT 2009","NO_QUERY","hayytracyy","hair and makeup "
"0","2049005835","Fri Jun 05 16:08:10 PDT 2009","NO_QUERY","raquelkc","LOVED worship practice today! Lenny, Kelsey, Woodward &amp; Jordan- you rock! Now i'm at work.. Total damper on my good day "
"4","1970736111","Sat May 30 05:01:41 PDT 2009","NO_QUERY","khloe39","Good Morning All "
"4","2017422108","Wed Jun 03 08:21:54 PDT 2009","NO_QUERY","angelovemiley","It would be perfect if @mitchelmusso @mileycyrus @themasonmusso and @tracecyrus ALL touring together! "
"4","2061249482","Sat Jun 06 20:28:50 PDT 2009","NO_QUERY","PrisciFace","Bacardi &amp; fruit punch.... wtf did Moob give me? Lol. &lt;333 WEEE! Mobile party to the Gates of Hell tonight "
"0","1960905153","Fri May 29 08:41:08 PDT 2009","NO_QUERY","jatori","Still at work. "
"4","2068593515","Sun Jun 07 14:21:05 PDT 2009","NO_QUERY","rdietrich","@jordanknight I voted Love ya guys. Love Renee "
"0","1960385436","Fri May 29 07:52:52 PDT 2009","NO_QUERY","cowboymathu","Need to buy a bluetooth device for machine "
"4","2053443044","Sat Jun 06 04:34:20 PDT 2009","NO_QUERY","ingek73","@mollydaniele you need an Edward "
"0","2215113099","Wed Jun 17 17:41:36 PDT 2009","NO_QUERY","jebulldog117","Backing up your iphone cannot be more boring and annoying!!! "
"4","2012612866","Tue Jun 02 20:58:20 PDT 2009","NO_QUERY","jasonbentley","@onetootwee That's cuz you are the amazing "
"4","2053297693","Sat Jun 06 04:02:18 PDT 2009","NO_QUERY","RyFenton","@Preaka Hey  I kind of am, I'm listening to Coldplay and just a bunch of stuff. Hope you have a great weekend "
"4","2050079727","Fri Jun 05 18:01:47 PDT 2009","NO_QUERY","irenezhang","So proud of @henrygerson for his decision to be under water. Congratulation!! "
"0","1997663662","Mon Jun 01 17:14:34 PDT 2009","NO_QUERY","itsfameybaby","Damn!!!!! Why did I have to have a good heart..... I gave up the big room!!!!!!!! "
"0","2048596278","Fri Jun 05 15:27:35 PDT 2009","NO_QUERY","laurenlo","@heybobnanna I tried to go, but it was sold out  Like early this week too! Have fun!"
"0","2014331822","Wed Jun 03 01:10:41 PDT 2009","NO_QUERY","miabp","@thatsjustmee haha i didn't sleep more than that myself  and now i'm at school, i'm sooo bored, and i have 5 hrs left.."
"0","2283347037","Mon Jun 22 12:30:48 PDT 2009","NO_QUERY","teainagarden","Haha sister and I were just yelling in anger at the tv so loudly. Puppy did not approve. I can't believe they killed him "
